event_id,user_id,event_type,event_date,product_id,amount,traffic_source
7343,4431,page_view,2025-12-30 08:16:15.732931 UTC,101,,email
7344,4431,add_to_cart,2025-12-30 08:24:15.732931 UTC,101,,email
7345,4431,checkout_start,2025-12-30 08:31:15.732931 UTC,101,,email
7346,4431,payment_info,2025-12-30 08:38:15.732931 UTC,101,,email
7347,4431,purchase,2025-12-30 08:41:15.732931 UTC,101,125.38,email
10185,5898,page_view,2025-12-30 23:23:57.811630 UTC,101,,email
10186,5898,add_to_cart,2025-12-30 23:40:57.811630 UTC,101,,email
10187,5898,checkout_start,2025-12-30 23:45:57.811630 UTC,101,,email
10188,5898,payment_info,2025-12-30 23:53:57.811630 UTC,101,,email
10189,5898,purchase,2025-12-30 23:58:57.811630 UTC,101,24.7,email
9517,5557,page_view,2025-12-31 00:01:51.273685 UTC,101,,email
10323,5970,page_view,2025-12-31 05:28:32.791541 UTC,101,,email
10324,5970,add_to_cart,2025-12-31 05:39:32.791541 UTC,101,,email
10325,5970,checkout_start,2025-12-31 05:47:32.791541 UTC,101,,email
10326,5970,payment_info,2025-12-31 05:52:32.791541 UTC,101,,email
10327,5970,purchase,2025-12-31 05:53:32.791541 UTC,101,41.24,email
5518,3440,page_view,2025-12-31 06:13:43.566324 UTC,101,,email
4661,2954,page_view,2025-12-31 12:14:09.265402 UTC,101,,email
3407,2304,page_view,2025-12-31 15:01:11.473032 UTC,101,,email
6714,4100,page_view,2025-12-31 23:20:43.439794 UTC,101,,email
6715,4100,add_to_cart,2025-12-31 23:22:43.439794 UTC,101,,email
1532,1297,page_view,2026-01-02 04:12:03.599362 UTC,101,,email
1045,1025,page_view,2026-01-03 14:08:59.421937 UTC,101,,email
7051,4295,page_view,2026-01-04 03:20:43.449278 UTC,101,,email
3158,2175,page_view,2026-01-04 03:43:03.817289 UTC,101,,email
3159,2175,add_to_cart,2026-01-04 03:51:03.817289 UTC,101,,email
3160,2175,checkout_start,2026-01-04 03:58:03.817289 UTC,101,,email
3161,2175,payment_info,2026-01-04 04:04:03.817289 UTC,101,,email
4050,2642,page_view,2026-01-04 04:58:40.654315 UTC,101,,email
4051,2642,add_to_cart,2026-01-04 05:09:40.654315 UTC,101,,email
4052,2642,checkout_start,2026-01-04 05:19:40.654315 UTC,101,,email
5295,3315,page_view,2026-01-04 07:24:26.282755 UTC,101,,email
5296,3315,add_to_cart,2026-01-04 07:37:26.282755 UTC,101,,email
5297,3315,checkout_start,2026-01-04 07:41:26.282755 UTC,101,,email
5298,3315,payment_info,2026-01-04 07:48:26.282755 UTC,101,,email
5299,3315,purchase,2026-01-04 07:49:26.282755 UTC,101,77.74,email
6284,3866,page_view,2026-01-04 16:19:51.866951 UTC,101,,email
5070,3186,page_view,2026-01-04 18:02:45.972087 UTC,101,,email
5071,3186,add_to_cart,2026-01-04 18:10:45.972087 UTC,101,,email
5072,3186,checkout_start,2026-01-04 18:13:45.972087 UTC,101,,email
3968,2600,page_view,2026-01-05 01:35:30.499496 UTC,101,,email
8348,4950,page_view,2026-01-05 12:41:33.784340 UTC,101,,email
8349,4950,add_to_cart,2026-01-05 12:44:33.784340 UTC,101,,email
8350,4950,checkout_start,2026-01-05 12:49:33.784340 UTC,101,,email
8351,4950,payment_info,2026-01-05 12:53:33.784340 UTC,101,,email
9363,5482,page_view,2026-01-05 14:13:15.500553 UTC,101,,email
9364,5482,add_to_cart,2026-01-05 14:20:15.500553 UTC,101,,email
9900,5755,page_view,2026-01-05 18:57:23.533018 UTC,101,,email
9901,5755,add_to_cart,2026-01-05 19:02:23.533018 UTC,101,,email
9902,5755,checkout_start,2026-01-05 19:03:23.533018 UTC,101,,email
9903,5755,payment_info,2026-01-05 19:09:23.533018 UTC,101,,email
9904,5755,purchase,2026-01-05 19:10:23.533018 UTC,101,20.44,email
4270,2756,page_view,2026-01-05 22:43:49.436562 UTC,101,,email
4271,2756,add_to_cart,2026-01-05 22:50:49.436562 UTC,101,,email
4272,2756,checkout_start,2026-01-05 23:00:49.436562 UTC,101,,email
4273,2756,payment_info,2026-01-05 23:02:49.436562 UTC,101,,email
4274,2756,purchase,2026-01-05 23:06:49.436562 UTC,101,97.33,email
9609,5601,page_view,2026-01-07 02:12:01.361838 UTC,101,,email
1607,1345,page_view,2026-01-10 11:16:07.609791 UTC,101,,email
1608,1345,add_to_cart,2026-01-10 11:27:07.609791 UTC,101,,email
1609,1345,checkout_start,2026-01-10 11:30:07.609791 UTC,101,,email
6421,3940,page_view,2026-01-12 01:05:36.537424 UTC,101,,email
6422,3940,add_to_cart,2026-01-12 01:18:36.537424 UTC,101,,email
6423,3940,checkout_start,2026-01-12 01:26:36.537424 UTC,101,,email
3519,2366,page_view,2026-01-12 09:35:57.680139 UTC,101,,email
2012,1537,page_view,2026-01-12 13:21:59.220488 UTC,101,,email
2013,1537,add_to_cart,2026-01-12 13:39:59.220488 UTC,101,,email
2014,1537,checkout_start,2026-01-12 13:45:59.220488 UTC,101,,email
2015,1537,payment_info,2026-01-12 13:52:59.220488 UTC,101,,email
2016,1537,purchase,2026-01-12 13:55:59.220488 UTC,101,130.43,email
10209,5912,page_view,2026-01-12 15:39:53.771793 UTC,101,,email
10210,5912,add_to_cart,2026-01-12 15:57:53.771793 UTC,101,,email
10211,5912,checkout_start,2026-01-12 16:05:53.771793 UTC,101,,email
10212,5912,payment_info,2026-01-12 16:07:53.771793 UTC,101,,email
10213,5912,purchase,2026-01-12 16:08:53.771793 UTC,101,20.18,email
1683,1380,page_view,2026-01-12 16:54:41.503227 UTC,101,,email
1684,1380,add_to_cart,2026-01-12 17:11:41.503227 UTC,101,,email
1685,1380,checkout_start,2026-01-12 17:15:41.503227 UTC,101,,email
1686,1380,payment_info,2026-01-12 17:23:41.503227 UTC,101,,email
1687,1380,purchase,2026-01-12 17:26:41.503227 UTC,101,122.06,email
3641,2424,page_view,2026-01-13 05:17:37.649786 UTC,101,,email
3642,2424,add_to_cart,2026-01-13 05:25:37.649786 UTC,101,,email
7763,4644,page_view,2026-01-13 14:07:54.843847 UTC,101,,email
7764,4644,add_to_cart,2026-01-13 14:16:54.843847 UTC,101,,email
7765,4644,checkout_start,2026-01-13 14:21:54.843847 UTC,101,,email
7766,4644,payment_info,2026-01-13 14:24:54.843847 UTC,101,,email
7767,4644,purchase,2026-01-13 14:25:54.843847 UTC,101,39.08,email
1970,1518,page_view,2026-01-14 19:57:22.931560 UTC,101,,email
1971,1518,add_to_cart,2026-01-14 20:13:22.931560 UTC,101,,email
1972,1518,checkout_start,2026-01-14 20:14:22.931560 UTC,101,,email
1973,1518,payment_info,2026-01-14 20:21:22.931560 UTC,101,,email
1974,1518,purchase,2026-01-14 20:22:22.931560 UTC,101,59.27,email
2884,2021,page_view,2026-01-14 21:07:54.353918 UTC,101,,email
2885,2021,add_to_cart,2026-01-14 21:25:54.353918 UTC,101,,email
2886,2021,checkout_start,2026-01-14 21:29:54.353918 UTC,101,,email
2887,2021,payment_info,2026-01-14 21:35:54.353918 UTC,101,,email
2888,2021,purchase,2026-01-14 21:40:54.353918 UTC,101,153.76,email
4975,3135,page_view,2026-01-14 23:40:14.396980 UTC,101,,email
5915,3645,page_view,2026-01-15 02:47:42.570231 UTC,101,,email
5916,3645,add_to_cart,2026-01-15 02:49:42.570231 UTC,101,,email
10329,5972,page_view,2026-01-15 11:16:47.589404 UTC,101,,email
10330,5972,add_to_cart,2026-01-15 11:18:47.589404 UTC,101,,email
5245,3285,page_view,2026-01-15 20:01:39.851294 UTC,101,,email
5386,3367,page_view,2026-01-15 22:43:18.992897 UTC,101,,email
5387,3367,add_to_cart,2026-01-15 22:46:18.992897 UTC,101,,email
5388,3367,checkout_start,2026-01-15 22:52:18.992897 UTC,101,,email
5389,3367,payment_info,2026-01-15 22:59:18.992897 UTC,101,,email
5390,3367,purchase,2026-01-15 23:03:18.992897 UTC,101,75.17,email
7762,4643,page_view,2026-01-16 05:09:32.771444 UTC,101,,email
2156,1629,page_view,2026-01-16 15:05:48.085114 UTC,101,,email
2157,1629,add_to_cart,2026-01-16 15:11:48.085114 UTC,101,,email
1282,1169,page_view,2026-01-17 11:46:35.053894 UTC,101,,email
1283,1169,add_to_cart,2026-01-17 12:04:35.053894 UTC,101,,email
1284,1169,checkout_start,2026-01-17 12:11:35.053894 UTC,101,,email
1285,1169,payment_info,2026-01-17 12:18:35.053894 UTC,101,,email
1286,1169,purchase,2026-01-17 12:19:35.053894 UTC,101,105.15,email
6255,3844,page_view,2026-01-18 10:18:36.884503 UTC,101,,email
6256,3844,add_to_cart,2026-01-18 10:31:36.884503 UTC,101,,email
5293,3314,page_view,2026-01-19 01:44:38.863360 UTC,101,,email
5294,3314,add_to_cart,2026-01-19 01:56:38.863360 UTC,101,,email
3489,2349,page_view,2026-01-19 18:10:20.704638 UTC,101,,email
1460,1260,page_view,2026-01-20 08:21:07.255452 UTC,101,,email
1461,1260,add_to_cart,2026-01-20 08:30:07.255452 UTC,101,,email
5640,3509,page_view,2026-01-20 10:05:20.200633 UTC,101,,email
5641,3509,add_to_cart,2026-01-20 10:17:20.200633 UTC,101,,email
5642,3509,checkout_start,2026-01-20 10:27:20.200633 UTC,101,,email
5643,3509,payment_info,2026-01-20 10:34:20.200633 UTC,101,,email
5644,3509,purchase,2026-01-20 10:39:20.200633 UTC,101,29.93,email
9518,5558,page_view,2026-01-20 14:45:56.628013 UTC,101,,email
9519,5558,add_to_cart,2026-01-20 15:05:56.628013 UTC,101,,email
4950,3120,page_view,2026-01-20 17:19:57.073598 UTC,101,,email
4951,3120,add_to_cart,2026-01-20 17:24:57.073598 UTC,101,,email
9538,5567,page_view,2026-01-20 21:12:38.830960 UTC,101,,email
9539,5567,add_to_cart,2026-01-20 21:31:38.830960 UTC,101,,email
9540,5567,checkout_start,2026-01-20 21:36:38.830960 UTC,101,,email
9541,5567,payment_info,2026-01-20 21:40:38.830960 UTC,101,,email
9542,5567,purchase,2026-01-20 21:44:38.830960 UTC,101,32.17,email
3025,2099,page_view,2026-01-22 02:06:48.327470 UTC,101,,email
3026,2099,add_to_cart,2026-01-22 02:18:48.327470 UTC,101,,email
3027,2099,checkout_start,2026-01-22 02:22:48.327470 UTC,101,,email
3028,2099,payment_info,2026-01-22 02:24:48.327470 UTC,101,,email
3029,2099,purchase,2026-01-22 02:29:48.327470 UTC,101,81.86,email
4122,2679,page_view,2026-01-22 12:18:18.709511 UTC,101,,email
4123,2679,add_to_cart,2026-01-22 12:36:18.709511 UTC,101,,email
4124,2679,checkout_start,2026-01-22 12:43:18.709511 UTC,101,,email
4125,2679,payment_info,2026-01-22 12:48:18.709511 UTC,101,,email
4126,2679,purchase,2026-01-22 12:52:18.709511 UTC,101,142.12,email
10070,5835,page_view,2026-01-23 09:58:24.252789 UTC,101,,email
2920,2042,page_view,2026-01-23 23:42:53.811534 UTC,101,,email
2921,2042,add_to_cart,2026-01-23 23:54:53.811534 UTC,101,,email
2922,2042,checkout_start,2026-01-23 23:56:53.811534 UTC,101,,email
2923,2042,payment_info,2026-01-24 00:00:53.811534 UTC,101,,email
2924,2042,purchase,2026-01-24 00:01:53.811534 UTC,101,168.36,email
1141,1083,page_view,2026-01-24 12:42:48.459731 UTC,101,,email
1562,1316,page_view,2026-01-24 23:49:17.022244 UTC,101,,email
4514,2884,page_view,2026-01-25 02:50:17.080992 UTC,101,,email
4515,2884,add_to_cart,2026-01-25 03:00:17.080992 UTC,101,,email
4516,2884,checkout_start,2026-01-25 03:04:17.080992 UTC,101,,email
4517,2884,payment_info,2026-01-25 03:06:17.080992 UTC,101,,email
4518,2884,purchase,2026-01-25 03:07:17.080992 UTC,101,82.92,email
5513,3439,page_view,2026-01-25 14:49:50.958292 UTC,101,,email
5514,3439,add_to_cart,2026-01-25 15:00:50.958292 UTC,101,,email
5515,3439,checkout_start,2026-01-25 15:02:50.958292 UTC,101,,email
5516,3439,payment_info,2026-01-25 15:07:50.958292 UTC,101,,email
5517,3439,purchase,2026-01-25 15:08:50.958292 UTC,101,23.02,email
9674,5639,page_view,2026-01-26 06:38:21.899108 UTC,101,,email
4997,3147,page_view,2026-01-27 04:10:35.750896 UTC,101,,email
10142,5872,page_view,2026-01-27 04:48:20.548958 UTC,101,,email
2153,1627,page_view,2026-01-27 05:42:11.961939 UTC,101,,email
2154,1627,add_to_cart,2026-01-27 05:55:11.961939 UTC,101,,email
1819,1444,page_view,2026-01-27 14:05:22.336449 UTC,101,,email
1820,1444,add_to_cart,2026-01-27 14:13:22.336449 UTC,101,,email
6457,3960,page_view,2026-01-27 15:02:14.410177 UTC,101,,email
8444,4997,page_view,2026-01-27 15:02:53.859659 UTC,101,,email
8445,4997,add_to_cart,2026-01-27 15:04:53.859659 UTC,101,,email
6458,3960,add_to_cart,2026-01-27 15:05:14.410177 UTC,101,,email
4229,2737,page_view,2026-01-27 18:10:48.898682 UTC,101,,email
4230,2737,add_to_cart,2026-01-27 18:29:48.898682 UTC,101,,email
1130,1078,page_view,2026-01-27 22:45:30.799280 UTC,101,,email
1131,1078,add_to_cart,2026-01-27 23:00:30.799280 UTC,101,,email
1132,1078,checkout_start,2026-01-27 23:01:30.799280 UTC,101,,email
1133,1078,payment_info,2026-01-27 23:06:30.799280 UTC,101,,email
1134,1078,purchase,2026-01-27 23:08:30.799280 UTC,101,153.65,email
6264,3852,page_view,2026-01-28 18:22:21.993984 UTC,101,,email
6265,3852,add_to_cart,2026-01-28 18:26:21.993984 UTC,101,,email
9961,5781,page_view,2026-01-29 17:43:59.065774 UTC,101,,email
9962,5781,add_to_cart,2026-01-29 18:01:59.065774 UTC,101,,email
9963,5781,checkout_start,2026-01-29 18:04:59.065774 UTC,101,,email
9964,5781,payment_info,2026-01-29 18:11:59.065774 UTC,101,,email
9965,5781,purchase,2026-01-29 18:13:59.065774 UTC,101,113.52,email
4288,2766,page_view,2026-01-29 19:08:33.974622 UTC,101,,email
4525,2891,page_view,2026-01-30 02:18:14.445839 UTC,101,,email
4526,2891,add_to_cart,2026-01-30 02:33:14.445839 UTC,101,,email
4527,2891,checkout_start,2026-01-30 02:41:14.445839 UTC,101,,email
4528,2891,payment_info,2026-01-30 02:43:14.445839 UTC,101,,email
4529,2891,purchase,2026-01-30 02:48:14.445839 UTC,101,186.32,email
2962,2065,page_view,2026-01-30 13:03:14.525279 UTC,101,,email
2963,2065,add_to_cart,2026-01-30 13:08:14.525279 UTC,101,,email
7312,4414,page_view,2026-01-31 06:10:49.637829 UTC,101,,email
7313,4414,add_to_cart,2026-01-31 06:12:49.637829 UTC,101,,email
8955,5258,page_view,2026-01-31 08:14:17.066850 UTC,101,,email
8956,5258,add_to_cart,2026-01-31 08:21:17.066850 UTC,101,,email
7586,4552,page_view,2026-01-31 09:00:29.098245 UTC,101,,email
7587,4552,add_to_cart,2026-01-31 09:04:29.098245 UTC,101,,email
7588,4552,checkout_start,2026-01-31 09:09:29.098245 UTC,101,,email
7589,4552,payment_info,2026-01-31 09:16:29.098245 UTC,101,,email
7590,4552,purchase,2026-01-31 09:18:29.098245 UTC,101,189.11,email
6904,4210,page_view,2026-01-31 15:56:44.383219 UTC,101,,email
7564,4539,page_view,2026-02-01 10:21:03.105595 UTC,101,,email
7565,4539,add_to_cart,2026-02-01 10:41:03.105595 UTC,101,,email
7566,4539,checkout_start,2026-02-01 10:45:03.105595 UTC,101,,email
7567,4539,payment_info,2026-02-01 10:53:03.105595 UTC,101,,email
7568,4539,purchase,2026-02-01 10:54:03.105595 UTC,101,157.99,email
2985,2078,page_view,2026-02-01 21:33:35.843547 UTC,101,,email
4351,2799,page_view,2026-02-02 02:03:08.426476 UTC,101,,email
4352,2799,add_to_cart,2026-02-02 02:17:08.426476 UTC,101,,email
4353,2799,checkout_start,2026-02-02 02:18:08.426476 UTC,101,,email
2442,1793,page_view,2026-02-02 04:43:16.051926 UTC,101,,email
8525,5043,page_view,2026-02-02 11:17:55.285056 UTC,101,,email
7525,4518,page_view,2026-02-02 20:43:45.919244 UTC,101,,email
3486,2346,page_view,2026-02-02 23:05:17.997765 UTC,101,,email
10053,5825,page_view,2025-12-30 15:45:02.800329 UTC,102,,email
10054,5825,add_to_cart,2025-12-30 16:04:02.800329 UTC,102,,email
3840,2537,page_view,2025-12-30 19:24:18.783649 UTC,102,,email
3841,2537,add_to_cart,2025-12-30 19:36:18.783649 UTC,102,,email
3842,2537,checkout_start,2025-12-30 19:43:18.783649 UTC,102,,email
3843,2537,payment_info,2025-12-30 19:45:18.783649 UTC,102,,email
3844,2537,purchase,2025-12-30 19:46:18.783649 UTC,102,128.29,email
3955,2591,page_view,2025-12-30 23:54:40.562640 UTC,102,,email
3956,2591,add_to_cart,2025-12-31 00:04:40.562640 UTC,102,,email
3957,2591,checkout_start,2025-12-31 00:11:40.562640 UTC,102,,email
3958,2591,payment_info,2025-12-31 00:19:40.562640 UTC,102,,email
3959,2591,purchase,2025-12-31 00:23:40.562640 UTC,102,117.22,email
3470,2338,page_view,2025-12-31 10:37:20.794843 UTC,102,,email
1682,1379,page_view,2025-12-31 12:42:46.537441 UTC,102,,email
9931,5768,page_view,2026-01-01 02:01:07.705346 UTC,102,,email
9932,5768,add_to_cart,2026-01-01 02:09:07.705346 UTC,102,,email
4874,3078,page_view,2026-01-01 07:48:35.942755 UTC,102,,email
4875,3078,add_to_cart,2026-01-01 07:50:35.942755 UTC,102,,email
5991,3699,page_view,2026-01-01 10:32:18.003403 UTC,102,,email
10367,5996,page_view,2026-01-03 04:36:24.585107 UTC,102,,email
9510,5551,page_view,2026-01-03 04:51:28.622039 UTC,102,,email
10368,5996,add_to_cart,2026-01-03 04:55:24.585107 UTC,102,,email
9511,5551,add_to_cart,2026-01-03 04:56:28.622039 UTC,102,,email
10369,5996,checkout_start,2026-01-03 05:05:24.585107 UTC,102,,email
10370,5996,payment_info,2026-01-03 05:10:24.585107 UTC,102,,email
10371,5996,purchase,2026-01-03 05:11:24.585107 UTC,102,23.85,email
3523,2370,page_view,2026-01-03 05:21:32.129183 UTC,102,,email
3524,2370,add_to_cart,2026-01-03 05:31:32.129183 UTC,102,,email
3525,2370,checkout_start,2026-01-03 05:38:32.129183 UTC,102,,email
3526,2370,payment_info,2026-01-03 05:44:32.129183 UTC,102,,email
3527,2370,purchase,2026-01-03 05:48:32.129183 UTC,102,192.93,email
2957,2063,page_view,2026-01-03 14:52:56.269901 UTC,102,,email
2958,2063,add_to_cart,2026-01-03 15:04:56.269901 UTC,102,,email
8085,4808,page_view,2026-01-03 18:27:31.025603 UTC,102,,email
8086,4808,add_to_cart,2026-01-03 18:37:31.025603 UTC,102,,email
8087,4808,checkout_start,2026-01-03 18:40:31.025603 UTC,102,,email
8088,4808,payment_info,2026-01-03 18:44:31.025603 UTC,102,,email
8089,4808,purchase,2026-01-03 18:49:31.025603 UTC,102,193.36,email
9076,5324,page_view,2026-01-04 00:29:25.371236 UTC,102,,email
9077,5324,add_to_cart,2026-01-04 00:45:25.371236 UTC,102,,email
9078,5324,checkout_start,2026-01-04 00:50:25.371236 UTC,102,,email
8615,5081,page_view,2026-01-04 21:53:52.202791 UTC,102,,email
8616,5081,add_to_cart,2026-01-04 21:58:52.202791 UTC,102,,email
8617,5081,checkout_start,2026-01-04 22:06:52.202791 UTC,102,,email
8618,5081,payment_info,2026-01-04 22:12:52.202791 UTC,102,,email
8619,5081,purchase,2026-01-04 22:14:52.202791 UTC,102,52.61,email
7819,4671,page_view,2026-01-05 10:01:09.391807 UTC,102,,email
7820,4671,add_to_cart,2026-01-05 10:12:09.391807 UTC,102,,email
7440,4477,page_view,2026-01-05 21:28:20.192092 UTC,102,,email
9057,5314,page_view,2026-01-06 09:27:31.279494 UTC,102,,email
9058,5314,add_to_cart,2026-01-06 09:42:31.279494 UTC,102,,email
9993,5793,page_view,2026-01-06 09:45:12.228820 UTC,102,,email
9059,5314,checkout_start,2026-01-06 09:48:31.279494 UTC,102,,email
9060,5314,payment_info,2026-01-06 09:51:31.279494 UTC,102,,email
9061,5314,purchase,2026-01-06 09:53:31.279494 UTC,102,149.46,email
2384,1764,page_view,2026-01-07 02:38:44.672489 UTC,102,,email
5956,3676,page_view,2026-01-08 15:16:19.593525 UTC,102,,email
5957,3676,add_to_cart,2026-01-08 15:24:19.593525 UTC,102,,email
5958,3676,checkout_start,2026-01-08 15:29:19.593525 UTC,102,,email
6865,4192,page_view,2026-01-08 16:55:18.645855 UTC,102,,email
9570,5582,page_view,2026-01-08 18:29:12.672946 UTC,102,,email
9571,5582,add_to_cart,2026-01-08 18:33:12.672946 UTC,102,,email
9572,5582,checkout_start,2026-01-08 18:43:12.672946 UTC,102,,email
6384,3918,page_view,2026-01-09 02:27:44.409944 UTC,102,,email
6385,3918,add_to_cart,2026-01-09 02:46:44.409944 UTC,102,,email
4675,2967,page_view,2026-01-09 05:30:47.220218 UTC,102,,email
4676,2967,add_to_cart,2026-01-09 05:40:47.220218 UTC,102,,email
4677,2967,checkout_start,2026-01-09 05:46:47.220218 UTC,102,,email
4678,2967,payment_info,2026-01-09 05:53:47.220218 UTC,102,,email
4679,2967,purchase,2026-01-09 05:57:47.220218 UTC,102,110.9,email
2702,1932,page_view,2026-01-09 14:29:27.290849 UTC,102,,email
2703,1932,add_to_cart,2026-01-09 14:33:27.290849 UTC,102,,email
2704,1932,checkout_start,2026-01-09 14:43:27.290849 UTC,102,,email
2705,1932,payment_info,2026-01-09 14:47:27.290849 UTC,102,,email
2706,1932,purchase,2026-01-09 14:50:27.290849 UTC,102,161.51,email
3404,2302,page_view,2026-01-09 18:08:04.732976 UTC,102,,email
3405,2302,add_to_cart,2026-01-09 18:13:04.732976 UTC,102,,email
7983,4748,page_view,2026-01-10 14:36:06.266550 UTC,102,,email
7984,4748,add_to_cart,2026-01-10 14:46:06.266550 UTC,102,,email
7985,4748,checkout_start,2026-01-10 14:52:06.266550 UTC,102,,email
7986,4748,payment_info,2026-01-10 14:57:06.266550 UTC,102,,email
7987,4748,purchase,2026-01-10 15:00:06.266550 UTC,102,60.89,email
3622,2418,page_view,2026-01-10 18:44:45.705587 UTC,102,,email
3623,2418,add_to_cart,2026-01-10 19:02:45.705587 UTC,102,,email
10077,5838,page_view,2026-01-10 19:47:37.309957 UTC,102,,email
10078,5838,add_to_cart,2026-01-10 19:56:37.309957 UTC,102,,email
9520,5559,page_view,2026-01-11 02:21:52.484679 UTC,102,,email
9521,5559,add_to_cart,2026-01-11 02:25:52.484679 UTC,102,,email
9522,5559,checkout_start,2026-01-11 02:32:52.484679 UTC,102,,email
9523,5559,payment_info,2026-01-11 02:35:52.484679 UTC,102,,email
9524,5559,purchase,2026-01-11 02:40:52.484679 UTC,102,82.29,email
1632,1352,page_view,2026-01-11 05:05:07.459534 UTC,102,,email
2235,1682,page_view,2026-01-11 05:45:34.191566 UTC,102,,email
2236,1682,add_to_cart,2026-01-11 06:01:34.191566 UTC,102,,email
7904,4705,page_view,2026-01-11 13:35:53.508744 UTC,102,,email
2488,1820,page_view,2026-01-13 04:08:24.112296 UTC,102,,email
2489,1820,add_to_cart,2026-01-13 04:23:24.112296 UTC,102,,email
2490,1820,checkout_start,2026-01-13 04:30:24.112296 UTC,102,,email
2491,1820,payment_info,2026-01-13 04:35:24.112296 UTC,102,,email
2492,1820,purchase,2026-01-13 04:36:24.112296 UTC,102,91.45,email
7631,4579,page_view,2026-01-13 17:25:54.232785 UTC,102,,email
7632,4579,add_to_cart,2026-01-13 17:31:54.232785 UTC,102,,email
2671,1917,page_view,2026-01-13 21:19:54.958269 UTC,102,,email
2672,1917,add_to_cart,2026-01-13 21:24:54.958269 UTC,102,,email
2673,1917,checkout_start,2026-01-13 21:29:54.958269 UTC,102,,email
5623,3500,page_view,2026-01-14 05:11:12.294571 UTC,102,,email
5624,3500,add_to_cart,2026-01-14 05:31:12.294571 UTC,102,,email
5625,3500,checkout_start,2026-01-14 05:34:12.294571 UTC,102,,email
5626,3500,payment_info,2026-01-14 05:40:12.294571 UTC,102,,email
5627,3500,purchase,2026-01-14 05:42:12.294571 UTC,102,100.86,email
2270,1701,page_view,2026-01-14 08:44:30.852930 UTC,102,,email
2271,1701,add_to_cart,2026-01-14 08:50:30.852930 UTC,102,,email
2272,1701,checkout_start,2026-01-14 08:57:30.852930 UTC,102,,email
2273,1701,payment_info,2026-01-14 09:01:30.852930 UTC,102,,email
2274,1701,purchase,2026-01-14 09:03:30.852930 UTC,102,154.92,email
8402,4974,page_view,2026-01-15 03:50:06.739035 UTC,102,,email
8403,4974,add_to_cart,2026-01-15 04:05:06.739035 UTC,102,,email
8404,4974,checkout_start,2026-01-15 04:10:06.739035 UTC,102,,email
8405,4974,payment_info,2026-01-15 04:17:06.739035 UTC,102,,email
8406,4974,purchase,2026-01-15 04:21:06.739035 UTC,102,50.0,email
2843,1992,page_view,2026-01-15 15:41:12.879936 UTC,102,,email
2844,1992,add_to_cart,2026-01-15 15:48:12.879936 UTC,102,,email
2845,1992,checkout_start,2026-01-15 15:55:12.879936 UTC,102,,email
7657,4592,page_view,2026-01-16 02:57:43.030193 UTC,102,,email
7658,4592,add_to_cart,2026-01-16 03:09:43.030193 UTC,102,,email
6508,3990,page_view,2026-01-16 03:10:18.620047 UTC,102,,email
6509,3990,add_to_cart,2026-01-16 03:13:18.620047 UTC,102,,email
7659,4592,checkout_start,2026-01-16 03:13:43.030193 UTC,102,,email
7660,4592,payment_info,2026-01-16 03:18:43.030193 UTC,102,,email
6510,3990,checkout_start,2026-01-16 03:20:18.620047 UTC,102,,email
6511,3990,payment_info,2026-01-16 03:22:18.620047 UTC,102,,email
7661,4592,purchase,2026-01-16 03:23:43.030193 UTC,102,184.08,email
6512,3990,purchase,2026-01-16 03:26:18.620047 UTC,102,124.9,email
5269,3299,page_view,2026-01-16 20:31:39.176222 UTC,102,,email
2661,1911,page_view,2026-01-17 09:36:51.906566 UTC,102,,email
9580,5585,page_view,2026-01-17 13:53:37.975686 UTC,102,,email
9230,5412,page_view,2026-01-17 20:48:37.779200 UTC,102,,email
6294,3874,page_view,2026-01-18 12:12:47.372445 UTC,102,,email
6295,3874,add_to_cart,2026-01-18 12:24:47.372445 UTC,102,,email
6296,3874,checkout_start,2026-01-18 12:31:47.372445 UTC,102,,email
6297,3874,payment_info,2026-01-18 12:34:47.372445 UTC,102,,email
6298,3874,purchase,2026-01-18 12:36:47.372445 UTC,102,22.32,email
9199,5391,page_view,2026-01-18 14:17:15.885966 UTC,102,,email
9200,5391,add_to_cart,2026-01-18 14:30:15.885966 UTC,102,,email
9201,5391,checkout_start,2026-01-18 14:40:15.885966 UTC,102,,email
9202,5391,payment_info,2026-01-18 14:44:15.885966 UTC,102,,email
9203,5391,purchase,2026-01-18 14:45:15.885966 UTC,102,131.13,email
6391,3924,page_view,2026-01-18 16:05:53.275704 UTC,102,,email
6392,3924,add_to_cart,2026-01-18 16:08:53.275704 UTC,102,,email
6393,3924,checkout_start,2026-01-18 16:16:53.275704 UTC,102,,email
6394,3924,payment_info,2026-01-18 16:20:53.275704 UTC,102,,email
6395,3924,purchase,2026-01-18 16:23:53.275704 UTC,102,181.68,email
6281,3864,page_view,2026-01-18 19:10:35.618439 UTC,102,,email
6282,3864,add_to_cart,2026-01-18 19:17:35.618439 UTC,102,,email
3494,2354,page_view,2026-01-19 05:43:39.863898 UTC,102,,email
3495,2354,add_to_cart,2026-01-19 05:51:39.863898 UTC,102,,email
3169,2178,page_view,2026-01-19 12:26:36.551340 UTC,102,,email
9645,5623,page_view,2026-01-19 14:34:51.260109 UTC,102,,email
9646,5623,add_to_cart,2026-01-19 14:41:51.260109 UTC,102,,email
9647,5623,checkout_start,2026-01-19 14:44:51.260109 UTC,102,,email
9648,5623,payment_info,2026-01-19 14:46:51.260109 UTC,102,,email
9649,5623,purchase,2026-01-19 14:49:51.260109 UTC,102,163.0,email
5435,3390,page_view,2026-01-19 22:00:34.802189 UTC,102,,email
6020,3716,page_view,2026-01-19 22:51:29.511790 UTC,102,,email
6021,3716,add_to_cart,2026-01-19 23:03:29.511790 UTC,102,,email
6022,3716,checkout_start,2026-01-19 23:04:29.511790 UTC,102,,email
6023,3716,payment_info,2026-01-19 23:12:29.511790 UTC,102,,email
6024,3716,purchase,2026-01-19 23:16:29.511790 UTC,102,76.95,email
2220,1671,page_view,2026-01-20 00:29:21.797355 UTC,102,,email
3644,2426,page_view,2026-01-20 21:05:28.782143 UTC,102,,email
1334,1196,page_view,2026-01-20 22:09:45.260898 UTC,102,,email
1046,1026,page_view,2026-01-21 04:09:34.108503 UTC,102,,email
1047,1026,add_to_cart,2026-01-21 04:13:34.108503 UTC,102,,email
1048,1026,checkout_start,2026-01-21 04:16:34.108503 UTC,102,,email
1049,1026,payment_info,2026-01-21 04:18:34.108503 UTC,102,,email
1050,1026,purchase,2026-01-21 04:21:34.108503 UTC,102,146.05,email
4193,2717,page_view,2026-01-21 12:52:43.969709 UTC,102,,email
4194,2717,add_to_cart,2026-01-21 12:58:43.969709 UTC,102,,email
4195,2717,checkout_start,2026-01-21 13:07:43.969709 UTC,102,,email
4196,2717,payment_info,2026-01-21 13:13:43.969709 UTC,102,,email
4197,2717,purchase,2026-01-21 13:18:43.969709 UTC,102,182.81,email
2694,1928,page_view,2026-01-21 15:50:42.966039 UTC,102,,email
5337,3332,page_view,2026-01-22 14:39:40.224278 UTC,102,,email
7796,4661,page_view,2026-01-23 03:56:22.869896 UTC,102,,email
7797,4661,add_to_cart,2026-01-23 04:15:22.869896 UTC,102,,email
7798,4661,checkout_start,2026-01-23 04:16:22.869896 UTC,102,,email
7799,4661,payment_info,2026-01-23 04:19:22.869896 UTC,102,,email
7800,4661,purchase,2026-01-23 04:22:22.869896 UTC,102,30.81,email
5522,3444,page_view,2026-01-23 13:39:57.496760 UTC,102,,email
9207,5395,page_view,2026-01-23 15:11:49.515476 UTC,102,,email
4614,2933,page_view,2026-01-24 05:39:23.750200 UTC,102,,email
4615,2933,add_to_cart,2026-01-24 05:48:23.750200 UTC,102,,email
4616,2933,checkout_start,2026-01-24 05:50:23.750200 UTC,102,,email
4617,2933,payment_info,2026-01-24 05:56:23.750200 UTC,102,,email
4618,2933,purchase,2026-01-24 05:59:23.750200 UTC,102,149.88,email
2631,1896,page_view,2026-01-24 08:51:38.810202 UTC,102,,email
2632,1896,add_to_cart,2026-01-24 09:09:38.810202 UTC,102,,email
2633,1896,checkout_start,2026-01-24 09:11:38.810202 UTC,102,,email
2634,1896,payment_info,2026-01-24 09:15:38.810202 UTC,102,,email
2635,1896,purchase,2026-01-24 09:18:38.810202 UTC,102,99.22,email
9495,5544,page_view,2026-01-24 10:39:40.810776 UTC,102,,email
9496,5544,add_to_cart,2026-01-24 10:47:40.810776 UTC,102,,email
9497,5544,checkout_start,2026-01-24 10:51:40.810776 UTC,102,,email
9498,5544,payment_info,2026-01-24 10:53:40.810776 UTC,102,,email
9499,5544,purchase,2026-01-24 10:55:40.810776 UTC,102,55.54,email
9249,5423,page_view,2026-01-25 07:08:44.566342 UTC,102,,email
9250,5423,add_to_cart,2026-01-25 07:24:44.566342 UTC,102,,email
4685,2972,page_view,2026-01-25 20:47:41.510187 UTC,102,,email
4686,2972,add_to_cart,2026-01-25 21:07:41.510187 UTC,102,,email
4687,2972,checkout_start,2026-01-25 21:15:41.510187 UTC,102,,email
4688,2972,payment_info,2026-01-25 21:22:41.510187 UTC,102,,email
4689,2972,purchase,2026-01-25 21:26:41.510187 UTC,102,29.66,email
3053,2112,page_view,2026-01-25 23:28:38.930642 UTC,102,,email
4697,2977,page_view,2026-01-26 03:23:55.000368 UTC,102,,email
4241,2745,page_view,2026-01-26 05:01:34.409639 UTC,102,,email
4507,2879,page_view,2026-01-26 11:27:37.567575 UTC,102,,email
4508,2879,add_to_cart,2026-01-26 11:45:37.567575 UTC,102,,email
4509,2879,checkout_start,2026-01-26 11:54:37.567575 UTC,102,,email
7822,4673,page_view,2026-01-26 17:13:30.480252 UTC,102,,email
7823,4673,add_to_cart,2026-01-26 17:32:30.480252 UTC,102,,email
7824,4673,checkout_start,2026-01-26 17:41:30.480252 UTC,102,,email
7825,4673,payment_info,2026-01-26 17:47:30.480252 UTC,102,,email
7826,4673,purchase,2026-01-26 17:50:30.480252 UTC,102,52.15,email
5235,3283,page_view,2026-01-26 21:20:08.006453 UTC,102,,email
5236,3283,add_to_cart,2026-01-26 21:32:08.006453 UTC,102,,email
5237,3283,checkout_start,2026-01-26 21:35:08.006453 UTC,102,,email
5238,3283,payment_info,2026-01-26 21:37:08.006453 UTC,102,,email
5239,3283,purchase,2026-01-26 21:41:08.006453 UTC,102,41.75,email
6747,4117,page_view,2026-01-27 03:03:32.892434 UTC,102,,email
6748,4117,add_to_cart,2026-01-27 03:05:32.892434 UTC,102,,email
9441,5519,page_view,2026-01-27 14:33:39.077282 UTC,102,,email
4462,2853,page_view,2026-01-27 15:56:58.010151 UTC,102,,email
4463,2853,add_to_cart,2026-01-27 15:59:58.010151 UTC,102,,email
4464,2853,checkout_start,2026-01-27 16:05:58.010151 UTC,102,,email
5159,3226,page_view,2026-01-27 16:09:27.992465 UTC,102,,email
4465,2853,payment_info,2026-01-27 16:10:58.010151 UTC,102,,email
4466,2853,purchase,2026-01-27 16:11:58.010151 UTC,102,96.05,email
5160,3226,add_to_cart,2026-01-27 16:17:27.992465 UTC,102,,email
4738,2998,page_view,2026-01-27 16:17:44.882931 UTC,102,,email
5161,3226,checkout_start,2026-01-27 16:18:27.992465 UTC,102,,email
5162,3226,payment_info,2026-01-27 16:24:27.992465 UTC,102,,email
5163,3226,purchase,2026-01-27 16:28:27.992465 UTC,102,121.52,email
4739,2998,add_to_cart,2026-01-27 16:30:44.882931 UTC,102,,email
5523,3445,page_view,2026-01-28 09:55:57.379212 UTC,102,,email
5436,3391,page_view,2026-01-30 12:39:51.293723 UTC,102,,email
5437,3391,add_to_cart,2026-01-30 12:58:51.293723 UTC,102,,email
7627,4575,page_view,2026-01-31 04:21:04.145515 UTC,102,,email
1887,1477,page_view,2026-02-01 00:01:58.967987 UTC,102,,email
3113,2151,page_view,2026-02-01 01:16:31.568907 UTC,102,,email
3114,2151,add_to_cart,2026-02-01 01:21:31.568907 UTC,102,,email
5605,3490,page_view,2026-02-02 00:16:56.916071 UTC,102,,email
5606,3490,add_to_cart,2026-02-02 00:18:56.916071 UTC,102,,email
5607,3490,checkout_start,2026-02-02 00:28:56.916071 UTC,102,,email
5608,3490,payment_info,2026-02-02 00:36:56.916071 UTC,102,,email
5609,3490,purchase,2026-02-02 00:39:56.916071 UTC,102,166.72,email
7110,4324,page_view,2026-02-02 05:56:18.615895 UTC,102,,email
7111,4324,add_to_cart,2026-02-02 06:13:18.615895 UTC,102,,email
7112,4324,checkout_start,2026-02-02 06:16:18.615895 UTC,102,,email
7113,4324,payment_info,2026-02-02 06:21:18.615895 UTC,102,,email
7114,4324,purchase,2026-02-02 06:22:18.615895 UTC,102,112.23,email
3209,2196,page_view,2026-02-02 06:29:35.840928 UTC,102,,email
3210,2196,add_to_cart,2026-02-02 06:39:35.840928 UTC,102,,email
3211,2196,checkout_start,2026-02-02 06:42:35.840928 UTC,102,,email
3212,2196,payment_info,2026-02-02 06:50:35.840928 UTC,102,,email
3213,2196,purchase,2026-02-02 06:54:35.840928 UTC,102,98.66,email
2975,2074,page_view,2026-02-02 15:56:50.348688 UTC,102,,email
2976,2074,add_to_cart,2026-02-02 16:03:50.348688 UTC,102,,email
2977,2074,checkout_start,2026-02-02 16:13:50.348688 UTC,102,,email
2978,2074,payment_info,2026-02-02 16:19:50.348688 UTC,102,,email
2979,2074,purchase,2026-02-02 16:23:50.348688 UTC,102,95.44,email
7268,4398,page_view,2026-02-02 17:31:02.286737 UTC,102,,email
7269,4398,add_to_cart,2026-02-02 17:37:02.286737 UTC,102,,email
7270,4398,checkout_start,2026-02-02 17:42:02.286737 UTC,102,,email
7271,4398,payment_info,2026-02-02 17:46:02.286737 UTC,102,,email
7272,4398,purchase,2026-02-02 17:51:02.286737 UTC,102,72.67,email
3335,2267,page_view,2025-12-30 14:39:26.315457 UTC,201,,email
3336,2267,add_to_cart,2025-12-30 14:42:26.315457 UTC,201,,email
3337,2267,checkout_start,2025-12-30 14:52:26.315457 UTC,201,,email
3338,2267,payment_info,2025-12-30 15:00:26.315457 UTC,201,,email
3339,2267,purchase,2025-12-30 15:02:26.315457 UTC,201,119.36,email
2138,1614,page_view,2025-12-30 23:32:56.863919 UTC,201,,email
9791,5694,page_view,2025-12-31 05:07:43.948176 UTC,201,,email
9792,5694,add_to_cart,2025-12-31 05:09:43.948176 UTC,201,,email
9793,5694,checkout_start,2025-12-31 05:17:43.948176 UTC,201,,email
4356,2802,page_view,2025-12-31 06:06:34.648946 UTC,201,,email
1452,1257,page_view,2025-12-31 13:53:58.287309 UTC,201,,email
1453,1257,add_to_cart,2025-12-31 13:58:58.287309 UTC,201,,email
9988,5792,page_view,2026-01-01 05:25:14.302052 UTC,201,,email
9989,5792,add_to_cart,2026-01-01 05:35:14.302052 UTC,201,,email
9990,5792,checkout_start,2026-01-01 05:40:14.302052 UTC,201,,email
9991,5792,payment_info,2026-01-01 05:48:14.302052 UTC,201,,email
9992,5792,purchase,2026-01-01 05:49:14.302052 UTC,201,102.54,email
2733,1946,page_view,2026-01-01 15:32:30.079406 UTC,201,,email
1313,1183,page_view,2026-01-01 23:23:34.471979 UTC,201,,email
4140,2686,page_view,2026-01-02 07:38:34.646541 UTC,201,,email
3802,2513,page_view,2026-01-02 14:08:49.052726 UTC,201,,email
3803,2513,add_to_cart,2026-01-02 14:14:49.052726 UTC,201,,email
3804,2513,checkout_start,2026-01-02 14:17:49.052726 UTC,201,,email
3805,2513,payment_info,2026-01-02 14:25:49.052726 UTC,201,,email
3806,2513,purchase,2026-01-02 14:30:49.052726 UTC,201,41.84,email
8644,5098,page_view,2026-01-02 21:47:39.938949 UTC,201,,email
8645,5098,add_to_cart,2026-01-02 21:53:39.938949 UTC,201,,email
2948,2057,page_view,2026-01-03 01:42:52.723294 UTC,201,,email
2133,1613,page_view,2026-01-03 17:01:29.487797 UTC,201,,email
2134,1613,add_to_cart,2026-01-03 17:03:29.487797 UTC,201,,email
2135,1613,checkout_start,2026-01-03 17:13:29.487797 UTC,201,,email
2136,1613,payment_info,2026-01-03 17:20:29.487797 UTC,201,,email
2137,1613,purchase,2026-01-03 17:23:29.487797 UTC,201,79.31,email
4243,2747,page_view,2026-01-04 16:50:13.796189 UTC,201,,email
4244,2747,add_to_cart,2026-01-04 17:05:13.796189 UTC,201,,email
4245,2747,checkout_start,2026-01-04 17:08:13.796189 UTC,201,,email
4246,2747,payment_info,2026-01-04 17:14:13.796189 UTC,201,,email
4247,2747,purchase,2026-01-04 17:15:13.796189 UTC,201,26.38,email
9130,5353,page_view,2026-01-05 02:26:06.184783 UTC,201,,email
9131,5353,add_to_cart,2026-01-05 02:40:06.184783 UTC,201,,email
9132,5353,checkout_start,2026-01-05 02:45:06.184783 UTC,201,,email
3608,2412,page_view,2026-01-05 04:47:29.655108 UTC,201,,email
8715,5137,page_view,2026-01-05 04:52:26.931968 UTC,201,,email
5621,3498,page_view,2026-01-05 15:13:30.862341 UTC,201,,email
2109,1598,page_view,2026-01-05 15:57:57.646876 UTC,201,,email
2110,1598,add_to_cart,2026-01-05 16:12:57.646876 UTC,201,,email
2111,1598,checkout_start,2026-01-05 16:17:57.646876 UTC,201,,email
8253,4893,page_view,2026-01-05 16:18:44.706796 UTC,201,,email
3288,2241,page_view,2026-01-06 05:33:04.093134 UTC,201,,email
3289,2241,add_to_cart,2026-01-06 05:48:04.093134 UTC,201,,email
3290,2241,checkout_start,2026-01-06 05:50:04.093134 UTC,201,,email
3291,2241,payment_info,2026-01-06 05:56:04.093134 UTC,201,,email
3292,2241,purchase,2026-01-06 06:01:04.093134 UTC,201,94.89,email
9913,5760,page_view,2026-01-07 06:13:51.521263 UTC,201,,email
5552,3467,page_view,2026-01-07 21:48:34.174657 UTC,201,,email
5553,3467,add_to_cart,2026-01-07 22:04:34.174657 UTC,201,,email
5554,3467,checkout_start,2026-01-07 22:07:34.174657 UTC,201,,email
5555,3467,payment_info,2026-01-07 22:09:34.174657 UTC,201,,email
5556,3467,purchase,2026-01-07 22:14:34.174657 UTC,201,79.08,email
9888,5746,page_view,2026-01-08 07:50:16.827012 UTC,201,,email
2561,1859,page_view,2026-01-08 17:51:33.865533 UTC,201,,email
2562,1859,add_to_cart,2026-01-08 17:57:33.865533 UTC,201,,email
2563,1859,checkout_start,2026-01-08 17:58:33.865533 UTC,201,,email
2564,1859,payment_info,2026-01-08 18:00:33.865533 UTC,201,,email
7931,4723,page_view,2026-01-08 23:53:32.084489 UTC,201,,email
7932,4723,add_to_cart,2026-01-09 00:10:32.084489 UTC,201,,email
7933,4723,checkout_start,2026-01-09 00:12:32.084489 UTC,201,,email
7934,4723,payment_info,2026-01-09 00:14:32.084489 UTC,201,,email
7935,4723,purchase,2026-01-09 00:19:32.084489 UTC,201,148.62,email
10360,5991,page_view,2026-01-09 13:05:56.512348 UTC,201,,email
10361,5991,add_to_cart,2026-01-09 13:10:56.512348 UTC,201,,email
6369,3912,page_view,2026-01-09 19:22:44.067685 UTC,201,,email
6370,3912,add_to_cart,2026-01-09 19:35:44.067685 UTC,201,,email
6371,3912,checkout_start,2026-01-09 19:37:44.067685 UTC,201,,email
6372,3912,payment_info,2026-01-09 19:39:44.067685 UTC,201,,email
6373,3912,purchase,2026-01-09 19:40:44.067685 UTC,201,32.43,email
3924,2572,page_view,2026-01-11 05:54:12.542288 UTC,201,,email
3539,2377,page_view,2026-01-12 09:00:29.524597 UTC,201,,email
3540,2377,add_to_cart,2026-01-12 09:18:29.524597 UTC,201,,email
3541,2377,checkout_start,2026-01-12 09:27:29.524597 UTC,201,,email
3542,2377,payment_info,2026-01-12 09:32:29.524597 UTC,201,,email
3543,2377,purchase,2026-01-12 09:37:29.524597 UTC,201,44.88,email
10341,5978,page_view,2026-01-12 17:55:33.287758 UTC,201,,email
10342,5978,add_to_cart,2026-01-12 18:00:33.287758 UTC,201,,email
3445,2325,page_view,2026-01-13 04:36:23.247710 UTC,201,,email
3446,2325,add_to_cart,2026-01-13 04:39:23.247710 UTC,201,,email
3447,2325,checkout_start,2026-01-13 04:48:23.247710 UTC,201,,email
9342,5472,page_view,2026-01-14 05:25:40.999870 UTC,201,,email
9343,5472,add_to_cart,2026-01-14 05:33:40.999870 UTC,201,,email
2503,1827,page_view,2026-01-14 05:35:37.467764 UTC,201,,email
9344,5472,checkout_start,2026-01-14 05:42:40.999870 UTC,201,,email
9345,5472,payment_info,2026-01-14 05:47:40.999870 UTC,201,,email
9346,5472,purchase,2026-01-14 05:48:40.999870 UTC,201,27.76,email
2917,2040,page_view,2026-01-14 15:15:36.618793 UTC,201,,email
2918,2040,add_to_cart,2026-01-14 15:25:36.618793 UTC,201,,email
9118,5344,page_view,2026-01-14 19:12:07.183249 UTC,201,,email
1054,1030,page_view,2026-01-14 23:38:49.588618 UTC,201,,email
5188,3241,page_view,2026-01-15 02:33:09.765869 UTC,201,,email
7087,4315,page_view,2026-01-15 05:14:21.745111 UTC,201,,email
7088,4315,add_to_cart,2026-01-15 05:32:21.745111 UTC,201,,email
7089,4315,checkout_start,2026-01-15 05:35:21.745111 UTC,201,,email
7090,4315,payment_info,2026-01-15 05:43:21.745111 UTC,201,,email
7091,4315,purchase,2026-01-15 05:46:21.745111 UTC,201,100.93,email
8934,5248,page_view,2026-01-15 07:29:19.727019 UTC,201,,email
8935,5248,add_to_cart,2026-01-15 07:42:19.727019 UTC,201,,email
8936,5248,checkout_start,2026-01-15 07:43:19.727019 UTC,201,,email
8937,5248,payment_info,2026-01-15 07:45:19.727019 UTC,201,,email
8938,5248,purchase,2026-01-15 07:49:19.727019 UTC,201,73.31,email
9752,5675,page_view,2026-01-15 14:51:32.481368 UTC,201,,email
9753,5675,add_to_cart,2026-01-15 15:03:32.481368 UTC,201,,email
9754,5675,checkout_start,2026-01-15 15:06:32.481368 UTC,201,,email
9755,5675,payment_info,2026-01-15 15:09:32.481368 UTC,201,,email
9756,5675,purchase,2026-01-15 15:13:32.481368 UTC,201,21.81,email
7485,4500,page_view,2026-01-15 23:03:54.690013 UTC,201,,email
8540,5050,page_view,2026-01-16 06:31:03.773018 UTC,201,,email
5509,3435,page_view,2026-01-16 08:20:57.846088 UTC,201,,email
5044,3167,page_view,2026-01-16 10:26:33.958641 UTC,201,,email
5045,3167,add_to_cart,2026-01-16 10:35:33.958641 UTC,201,,email
5046,3167,checkout_start,2026-01-16 10:39:33.958641 UTC,201,,email
6814,4156,page_view,2026-01-16 16:44:45.374863 UTC,201,,email
6815,4156,add_to_cart,2026-01-16 17:00:45.374863 UTC,201,,email
8544,5054,page_view,2026-01-17 02:06:39.550067 UTC,201,,email
7906,4707,page_view,2026-01-17 07:15:13.511517 UTC,201,,email
7907,4707,add_to_cart,2026-01-17 07:21:13.511517 UTC,201,,email
7908,4707,checkout_start,2026-01-17 07:31:13.511517 UTC,201,,email
7909,4707,payment_info,2026-01-17 07:39:13.511517 UTC,201,,email
6053,3728,page_view,2026-01-17 15:45:34.507682 UTC,201,,email
6054,3728,add_to_cart,2026-01-17 15:52:34.507682 UTC,201,,email
6055,3728,checkout_start,2026-01-17 15:59:34.507682 UTC,201,,email
6383,3917,page_view,2026-01-17 20:32:12.035912 UTC,201,,email
4305,2775,page_view,2026-01-17 22:20:37.678333 UTC,201,,email
4306,2775,add_to_cart,2026-01-17 22:38:37.678333 UTC,201,,email
4307,2775,checkout_start,2026-01-17 22:45:37.678333 UTC,201,,email
4308,2775,payment_info,2026-01-17 22:53:37.678333 UTC,201,,email
4309,2775,purchase,2026-01-17 22:58:37.678333 UTC,201,121.66,email
8162,4850,page_view,2026-01-18 08:19:45.179899 UTC,201,,email
7057,4298,page_view,2026-01-18 16:12:03.672479 UTC,201,,email
7058,4298,add_to_cart,2026-01-18 16:22:03.672479 UTC,201,,email
7059,4298,checkout_start,2026-01-18 16:25:03.672479 UTC,201,,email
7060,4298,payment_info,2026-01-18 16:33:03.672479 UTC,201,,email
7061,4298,purchase,2026-01-18 16:34:03.672479 UTC,201,138.42,email
3807,2514,page_view,2026-01-19 05:35:01.925563 UTC,201,,email
2229,1676,page_view,2026-01-19 17:58:00.599016 UTC,201,,email
4290,2768,page_view,2026-01-19 19:20:54.196031 UTC,201,,email
4291,2768,add_to_cart,2026-01-19 19:39:54.196031 UTC,201,,email
4292,2768,checkout_start,2026-01-19 19:41:54.196031 UTC,201,,email
4293,2768,payment_info,2026-01-19 19:47:54.196031 UTC,201,,email
4294,2768,purchase,2026-01-19 19:50:54.196031 UTC,201,81.0,email
1714,1391,page_view,2026-01-21 01:31:32.792346 UTC,201,,email
1715,1391,add_to_cart,2026-01-21 01:44:32.792346 UTC,201,,email
1716,1391,checkout_start,2026-01-21 01:47:32.792346 UTC,201,,email
1717,1391,payment_info,2026-01-21 01:53:32.792346 UTC,201,,email
1718,1391,purchase,2026-01-21 01:54:32.792346 UTC,201,103.11,email
8989,5282,page_view,2026-01-22 21:25:12.398864 UTC,201,,email
3425,2313,page_view,2026-01-23 06:01:04.931245 UTC,201,,email
3426,2313,add_to_cart,2026-01-23 06:21:04.931245 UTC,201,,email
3427,2313,checkout_start,2026-01-23 06:30:04.931245 UTC,201,,email
8183,4861,page_view,2026-01-23 14:19:14.563334 UTC,201,,email
5466,3408,page_view,2026-01-23 15:31:48.015723 UTC,201,,email
10254,5932,page_view,2026-01-23 19:33:19.104115 UTC,201,,email
10255,5932,add_to_cart,2026-01-23 19:47:19.104115 UTC,201,,email
2253,1693,page_view,2026-01-23 22:38:03.455907 UTC,201,,email
2395,1772,page_view,2026-01-24 10:42:49.750878 UTC,201,,email
6617,4041,page_view,2026-01-24 23:09:40.212347 UTC,201,,email
3107,2147,page_view,2026-01-25 23:18:42.268810 UTC,201,,email
3108,2147,add_to_cart,2026-01-25 23:24:42.268810 UTC,201,,email
10134,5866,page_view,2026-01-26 17:35:09.271242 UTC,201,,email
9425,5508,page_view,2026-01-26 19:14:54.464505 UTC,201,,email
9426,5508,add_to_cart,2026-01-26 19:33:54.464505 UTC,201,,email
9427,5508,checkout_start,2026-01-26 19:41:54.464505 UTC,201,,email
9428,5508,payment_info,2026-01-26 19:45:54.464505 UTC,201,,email
9429,5508,purchase,2026-01-26 19:47:54.464505 UTC,201,192.98,email
8697,5124,page_view,2026-01-27 10:03:42.751907 UTC,201,,email
8698,5124,add_to_cart,2026-01-27 10:08:42.751907 UTC,201,,email
5965,3679,page_view,2026-01-27 16:24:25.268935 UTC,201,,email
5966,3679,add_to_cart,2026-01-27 16:38:25.268935 UTC,201,,email
2645,1901,page_view,2026-01-28 03:04:12.956660 UTC,201,,email
2646,1901,add_to_cart,2026-01-28 03:24:12.956660 UTC,201,,email
6211,3819,page_view,2026-01-28 11:58:29.686267 UTC,201,,email
6117,3770,page_view,2026-01-28 12:08:49.853934 UTC,201,,email
6118,3770,add_to_cart,2026-01-28 12:22:49.853934 UTC,201,,email
6119,3770,checkout_start,2026-01-28 12:26:49.853934 UTC,201,,email
6120,3770,payment_info,2026-01-28 12:32:49.853934 UTC,201,,email
6121,3770,purchase,2026-01-28 12:34:49.853934 UTC,201,73.61,email
9474,5533,page_view,2026-01-28 18:17:48.889927 UTC,201,,email
9475,5533,add_to_cart,2026-01-28 18:29:48.889927 UTC,201,,email
9476,5533,checkout_start,2026-01-28 18:34:48.889927 UTC,201,,email
9477,5533,payment_info,2026-01-28 18:39:48.889927 UTC,201,,email
9478,5533,purchase,2026-01-28 18:44:48.889927 UTC,201,152.92,email
7124,4330,page_view,2026-01-29 05:42:28.986462 UTC,201,,email
7125,4330,add_to_cart,2026-01-29 05:53:28.986462 UTC,201,,email
6941,4230,page_view,2026-01-29 14:08:33.658409 UTC,201,,email
5892,3632,page_view,2026-01-29 15:14:51.372527 UTC,201,,email
5366,3357,page_view,2026-01-29 22:14:27.724434 UTC,201,,email
5831,3604,page_view,2026-01-30 00:56:03.180524 UTC,201,,email
5832,3604,add_to_cart,2026-01-30 01:14:03.180524 UTC,201,,email
2910,2038,page_view,2026-01-30 18:39:46.034479 UTC,201,,email
2911,2038,add_to_cart,2026-01-30 18:43:46.034479 UTC,201,,email
1433,1247,page_view,2026-01-31 02:53:37.126469 UTC,201,,email
1434,1247,add_to_cart,2026-01-31 03:08:37.126469 UTC,201,,email
2338,1736,page_view,2026-01-31 03:31:30.338184 UTC,201,,email
2339,1736,add_to_cart,2026-01-31 03:40:30.338184 UTC,201,,email
2340,1736,checkout_start,2026-01-31 03:43:30.338184 UTC,201,,email
2341,1736,payment_info,2026-01-31 03:50:30.338184 UTC,201,,email
2342,1736,purchase,2026-01-31 03:53:30.338184 UTC,201,171.49,email
3651,2431,page_view,2026-01-31 11:23:10.096987 UTC,201,,email
3652,2431,add_to_cart,2026-01-31 11:39:10.096987 UTC,201,,email
1018,1011,page_view,2026-01-31 15:02:32.431198 UTC,201,,email
7251,4385,page_view,2026-02-01 03:01:29.457256 UTC,201,,email
9091,5332,page_view,2026-02-02 07:09:22.648800 UTC,201,,email
9092,5332,add_to_cart,2026-02-02 07:20:22.648800 UTC,201,,email
9093,5332,checkout_start,2026-02-02 07:27:22.648800 UTC,201,,email
9094,5332,payment_info,2026-02-02 07:33:22.648800 UTC,201,,email
9095,5332,purchase,2026-02-02 07:37:22.648800 UTC,201,25.96,email
4083,2658,page_view,2026-02-02 07:44:15.225324 UTC,201,,email
2163,1635,page_view,2026-02-02 20:52:36.870723 UTC,201,,email
2164,1635,add_to_cart,2026-02-02 20:54:36.870723 UTC,201,,email
5863,3617,page_view,2025-12-30 22:47:46.722422 UTC,205,,email
3741,2481,page_view,2025-12-31 02:40:35.473427 UTC,205,,email
5145,3221,page_view,2025-12-31 07:55:11.642852 UTC,205,,email
5146,3221,add_to_cart,2025-12-31 08:08:11.642852 UTC,205,,email
5147,3221,checkout_start,2025-12-31 08:14:11.642852 UTC,205,,email
5148,3221,payment_info,2025-12-31 08:16:11.642852 UTC,205,,email
5149,3221,purchase,2025-12-31 08:19:11.642852 UTC,205,184.18,email
2044,1557,page_view,2025-12-31 11:31:16.188823 UTC,205,,email
2045,1557,add_to_cart,2025-12-31 11:43:16.188823 UTC,205,,email
2046,1557,checkout_start,2025-12-31 11:44:16.188823 UTC,205,,email
2047,1557,payment_info,2025-12-31 11:51:16.188823 UTC,205,,email
2048,1557,purchase,2025-12-31 11:53:16.188823 UTC,205,101.45,email
6966,4242,page_view,2025-12-31 22:56:23.888301 UTC,205,,email
6651,4061,page_view,2026-01-01 05:58:22.075081 UTC,205,,email
9516,5556,page_view,2026-01-01 08:11:45.840809 UTC,205,,email
4248,2748,page_view,2026-01-01 19:59:48.166400 UTC,205,,email
4249,2748,add_to_cart,2026-01-01 20:08:48.166400 UTC,205,,email
4250,2748,checkout_start,2026-01-01 20:15:48.166400 UTC,205,,email
4251,2748,payment_info,2026-01-01 20:21:48.166400 UTC,205,,email
4252,2748,purchase,2026-01-01 20:23:48.166400 UTC,205,141.79,email
1012,1009,page_view,2026-01-02 13:47:05.961772 UTC,205,,email
1013,1009,add_to_cart,2026-01-02 14:00:05.961772 UTC,205,,email
1014,1009,checkout_start,2026-01-02 14:06:05.961772 UTC,205,,email
1015,1009,payment_info,2026-01-02 14:12:05.961772 UTC,205,,email
1016,1009,purchase,2026-01-02 14:17:05.961772 UTC,205,124.75,email
5000,3149,page_view,2026-01-02 14:20:58.400432 UTC,205,,email
5001,3149,add_to_cart,2026-01-02 14:39:58.400432 UTC,205,,email
5002,3149,checkout_start,2026-01-02 14:41:58.400432 UTC,205,,email
5003,3149,payment_info,2026-01-02 14:49:58.400432 UTC,205,,email
5004,3149,purchase,2026-01-02 14:53:58.400432 UTC,205,84.77,email
2592,1874,page_view,2026-01-02 19:03:43.801997 UTC,205,,email
2593,1874,add_to_cart,2026-01-02 19:11:43.801997 UTC,205,,email
2594,1874,checkout_start,2026-01-02 19:21:43.801997 UTC,205,,email
2595,1874,payment_info,2026-01-02 19:24:43.801997 UTC,205,,email
9284,5445,page_view,2026-01-03 13:14:39.471165 UTC,205,,email
9285,5445,add_to_cart,2026-01-03 13:20:39.471165 UTC,205,,email
9286,5445,checkout_start,2026-01-03 13:27:39.471165 UTC,205,,email
9287,5445,payment_info,2026-01-03 13:33:39.471165 UTC,205,,email
9288,5445,purchase,2026-01-03 13:37:39.471165 UTC,205,75.88,email
8782,5174,page_view,2026-01-04 10:29:58.817742 UTC,205,,email
4921,3104,page_view,2026-01-04 13:29:58.098682 UTC,205,,email
5279,3305,page_view,2026-01-05 00:36:47.127611 UTC,205,,email
5280,3305,add_to_cart,2026-01-05 00:38:47.127611 UTC,205,,email
5281,3305,checkout_start,2026-01-05 00:48:47.127611 UTC,205,,email
5282,3305,payment_info,2026-01-05 00:53:47.127611 UTC,205,,email
5283,3305,purchase,2026-01-05 00:57:47.127611 UTC,205,181.82,email
4777,3019,page_view,2026-01-05 19:45:17.800094 UTC,205,,email
1278,1166,page_view,2026-01-05 19:51:52.038670 UTC,205,,email
4778,3019,add_to_cart,2026-01-05 19:58:17.800094 UTC,205,,email
4779,3019,checkout_start,2026-01-05 19:59:17.800094 UTC,205,,email
1279,1166,add_to_cart,2026-01-05 20:00:52.038670 UTC,205,,email
4780,3019,payment_info,2026-01-05 20:02:17.800094 UTC,205,,email
4781,3019,purchase,2026-01-05 20:05:17.800094 UTC,205,55.61,email
2311,1719,page_view,2026-01-07 05:51:21.943265 UTC,205,,email
1364,1210,page_view,2026-01-07 13:22:19.427878 UTC,205,,email
9664,5631,page_view,2026-01-07 17:38:18.047626 UTC,205,,email
1657,1367,page_view,2026-01-08 13:10:17.638364 UTC,205,,email
1658,1367,add_to_cart,2026-01-08 13:22:17.638364 UTC,205,,email
1659,1367,checkout_start,2026-01-08 13:25:17.638364 UTC,205,,email
1660,1367,payment_info,2026-01-08 13:30:17.638364 UTC,205,,email
1661,1367,purchase,2026-01-08 13:32:17.638364 UTC,205,98.43,email
9415,5502,page_view,2026-01-09 05:02:02.240861 UTC,205,,email
3006,2092,page_view,2026-01-10 17:34:55.500004 UTC,205,,email
3007,2092,add_to_cart,2026-01-10 17:47:55.500004 UTC,205,,email
3008,2092,checkout_start,2026-01-10 17:53:55.500004 UTC,205,,email
3009,2092,payment_info,2026-01-10 17:55:55.500004 UTC,205,,email
3010,2092,purchase,2026-01-10 17:59:55.500004 UTC,205,114.19,email
2565,1860,page_view,2026-01-11 04:14:33.005382 UTC,205,,email
2566,1860,add_to_cart,2026-01-11 04:28:33.005382 UTC,205,,email
2567,1860,checkout_start,2026-01-11 04:36:33.005382 UTC,205,,email
2568,1860,payment_info,2026-01-11 04:44:33.005382 UTC,205,,email
2569,1860,purchase,2026-01-11 04:47:33.005382 UTC,205,188.57,email
4916,3100,page_view,2026-01-11 08:49:25.576063 UTC,205,,email
1395,1228,page_view,2026-01-11 11:42:09.748353 UTC,205,,email
1298,1177,page_view,2026-01-11 18:02:29.391794 UTC,205,,email
3922,2570,page_view,2026-01-13 11:40:03.388906 UTC,205,,email
5826,3603,page_view,2026-01-13 13:32:20.309972 UTC,205,,email
5827,3603,add_to_cart,2026-01-13 13:50:20.309972 UTC,205,,email
5828,3603,checkout_start,2026-01-13 13:58:20.309972 UTC,205,,email
5829,3603,payment_info,2026-01-13 14:05:20.309972 UTC,205,,email
5830,3603,purchase,2026-01-13 14:06:20.309972 UTC,205,79.46,email
2618,1889,page_view,2026-01-13 19:21:08.521244 UTC,205,,email
2619,1889,add_to_cart,2026-01-13 19:34:08.521244 UTC,205,,email
2620,1889,checkout_start,2026-01-13 19:43:08.521244 UTC,205,,email
2621,1889,payment_info,2026-01-13 19:46:08.521244 UTC,205,,email
2622,1889,purchase,2026-01-13 19:50:08.521244 UTC,205,170.52,email
5864,3618,page_view,2026-01-14 06:29:11.263065 UTC,205,,email
5723,3555,page_view,2026-01-14 11:21:01.382828 UTC,205,,email
5724,3555,add_to_cart,2026-01-14 11:25:01.382828 UTC,205,,email
5725,3555,checkout_start,2026-01-14 11:27:01.382828 UTC,205,,email
5726,3555,payment_info,2026-01-14 11:34:01.382828 UTC,205,,email
5727,3555,purchase,2026-01-14 11:35:01.382828 UTC,205,69.23,email
8366,4958,page_view,2026-01-14 18:22:56.837564 UTC,205,,email
8367,4958,add_to_cart,2026-01-14 18:27:56.837564 UTC,205,,email
2604,1882,page_view,2026-01-14 22:06:06.596919 UTC,205,,email
2605,1882,add_to_cart,2026-01-14 22:21:06.596919 UTC,205,,email
2606,1882,checkout_start,2026-01-14 22:23:06.596919 UTC,205,,email
2607,1882,payment_info,2026-01-14 22:29:06.596919 UTC,205,,email
2608,1882,purchase,2026-01-14 22:34:06.596919 UTC,205,134.18,email
6416,3935,page_view,2026-01-15 07:02:16.884965 UTC,205,,email
1792,1429,page_view,2026-01-15 07:27:34.776314 UTC,205,,email
1793,1429,add_to_cart,2026-01-15 07:47:34.776314 UTC,205,,email
1794,1429,checkout_start,2026-01-15 07:54:34.776314 UTC,205,,email
1795,1429,payment_info,2026-01-15 07:59:34.776314 UTC,205,,email
1796,1429,purchase,2026-01-15 08:02:34.776314 UTC,205,148.33,email
5682,3531,page_view,2026-01-15 10:53:57.401153 UTC,205,,email
5262,3296,page_view,2026-01-15 12:29:22.282128 UTC,205,,email
5263,3296,add_to_cart,2026-01-15 12:38:22.282128 UTC,205,,email
5264,3296,checkout_start,2026-01-15 12:48:22.282128 UTC,205,,email
5265,3296,payment_info,2026-01-15 12:50:22.282128 UTC,205,,email
5266,3296,purchase,2026-01-15 12:54:22.282128 UTC,205,150.94,email
5035,3165,page_view,2026-01-15 17:38:07.533323 UTC,205,,email
5036,3165,add_to_cart,2026-01-15 17:44:07.533323 UTC,205,,email
5037,3165,checkout_start,2026-01-15 17:46:07.533323 UTC,205,,email
5038,3165,payment_info,2026-01-15 17:48:07.533323 UTC,205,,email
5039,3165,purchase,2026-01-15 17:50:07.533323 UTC,205,35.99,email
9000,5287,page_view,2026-01-16 06:52:18.872320 UTC,205,,email
1058,1034,page_view,2026-01-16 09:45:50.230959 UTC,205,,email
4023,2626,page_view,2026-01-16 12:55:48.449953 UTC,205,,email
4024,2626,add_to_cart,2026-01-16 13:13:48.449953 UTC,205,,email
4025,2626,checkout_start,2026-01-16 13:22:48.449953 UTC,205,,email
4026,2626,payment_info,2026-01-16 13:29:48.449953 UTC,205,,email
4027,2626,purchase,2026-01-16 13:33:48.449953 UTC,205,44.32,email
4396,2825,page_view,2026-01-16 15:49:43.993686 UTC,205,,email
4397,2825,add_to_cart,2026-01-16 16:00:43.993686 UTC,205,,email
4398,2825,checkout_start,2026-01-16 16:08:43.993686 UTC,205,,email
4399,2825,payment_info,2026-01-16 16:13:43.993686 UTC,205,,email
4400,2825,purchase,2026-01-16 16:15:43.993686 UTC,205,57.4,email
2180,1647,page_view,2026-01-18 10:58:07.766174 UTC,205,,email
8048,4789,page_view,2026-01-18 14:31:18.138780 UTC,205,,email
8049,4789,add_to_cart,2026-01-18 14:37:18.138780 UTC,205,,email
8050,4789,checkout_start,2026-01-18 14:47:18.138780 UTC,205,,email
8051,4789,payment_info,2026-01-18 14:52:18.138780 UTC,205,,email
8052,4789,purchase,2026-01-18 14:55:18.138780 UTC,205,67.08,email
1766,1415,page_view,2026-01-18 23:09:19.166094 UTC,205,,email
1767,1415,add_to_cart,2026-01-18 23:14:19.166094 UTC,205,,email
1768,1415,checkout_start,2026-01-18 23:16:19.166094 UTC,205,,email
4582,2920,page_view,2026-01-18 23:18:43.536763 UTC,205,,email
1769,1415,payment_info,2026-01-18 23:19:19.166094 UTC,205,,email
1770,1415,purchase,2026-01-18 23:23:19.166094 UTC,205,57.25,email
4583,2920,add_to_cart,2026-01-18 23:31:43.536763 UTC,205,,email
4584,2920,checkout_start,2026-01-18 23:32:43.536763 UTC,205,,email
4585,2920,payment_info,2026-01-18 23:35:43.536763 UTC,205,,email
4586,2920,purchase,2026-01-18 23:36:43.536763 UTC,205,68.35,email
10236,5923,page_view,2026-01-19 04:23:10.198487 UTC,205,,email
7821,4672,page_view,2026-01-19 08:22:40.859206 UTC,205,,email
3139,2166,page_view,2026-01-19 14:29:04.190192 UTC,205,,email
6034,3720,page_view,2026-01-19 16:14:20.477684 UTC,205,,email
6035,3720,add_to_cart,2026-01-19 16:27:20.477684 UTC,205,,email
6036,3720,checkout_start,2026-01-19 16:30:20.477684 UTC,205,,email
6037,3720,payment_info,2026-01-19 16:33:20.477684 UTC,205,,email
6038,3720,purchase,2026-01-19 16:38:20.477684 UTC,205,21.11,email
7093,4317,page_view,2026-01-19 21:33:48.815057 UTC,205,,email
6598,4032,page_view,2026-01-20 08:56:37.748516 UTC,205,,email
6599,4032,add_to_cart,2026-01-20 09:01:37.748516 UTC,205,,email
6600,4032,checkout_start,2026-01-20 09:04:37.748516 UTC,205,,email
5496,3426,page_view,2026-01-21 03:49:01.458622 UTC,205,,email
6237,3836,page_view,2026-01-21 18:15:15.251775 UTC,205,,email
6238,3836,add_to_cart,2026-01-21 18:17:15.251775 UTC,205,,email
6239,3836,checkout_start,2026-01-21 18:21:15.251775 UTC,205,,email
6240,3836,payment_info,2026-01-21 18:26:15.251775 UTC,205,,email
6241,3836,purchase,2026-01-21 18:31:15.251775 UTC,205,169.36,email
9142,5362,page_view,2026-01-22 09:10:21.840068 UTC,205,,email
9143,5362,add_to_cart,2026-01-22 09:19:21.840068 UTC,205,,email
6156,3783,page_view,2026-01-22 13:57:40.459793 UTC,205,,email
6157,3783,add_to_cart,2026-01-22 14:17:40.459793 UTC,205,,email
6158,3783,checkout_start,2026-01-22 14:22:40.459793 UTC,205,,email
6159,3783,payment_info,2026-01-22 14:24:40.459793 UTC,205,,email
6160,3783,purchase,2026-01-22 14:28:40.459793 UTC,205,26.07,email
3584,2400,page_view,2026-01-23 10:29:16.205272 UTC,205,,email
3585,2400,add_to_cart,2026-01-23 10:41:16.205272 UTC,205,,email
2576,1866,page_view,2026-01-23 13:37:17.616755 UTC,205,,email
2577,1866,add_to_cart,2026-01-23 13:56:17.616755 UTC,205,,email
2578,1866,checkout_start,2026-01-23 13:57:17.616755 UTC,205,,email
2579,1866,payment_info,2026-01-23 14:00:17.616755 UTC,205,,email
2580,1866,purchase,2026-01-23 14:03:17.616755 UTC,205,61.19,email
8354,4953,page_view,2026-01-24 01:00:19.295021 UTC,205,,email
8355,4953,add_to_cart,2026-01-24 01:20:19.295021 UTC,205,,email
4257,2751,page_view,2026-01-24 08:02:57.412663 UTC,205,,email
4258,2751,add_to_cart,2026-01-24 08:06:57.412663 UTC,205,,email
4259,2751,checkout_start,2026-01-24 08:13:57.412663 UTC,205,,email
4260,2751,payment_info,2026-01-24 08:20:57.412663 UTC,205,,email
4261,2751,purchase,2026-01-24 08:25:57.412663 UTC,205,58.86,email
8316,4933,page_view,2026-01-24 10:58:43.244686 UTC,205,,email
8317,4933,add_to_cart,2026-01-24 11:11:43.244686 UTC,205,,email
8318,4933,checkout_start,2026-01-24 11:18:43.244686 UTC,205,,email
3646,2428,page_view,2026-01-24 11:22:22.062680 UTC,205,,email
5424,3384,page_view,2026-01-25 01:27:46.096842 UTC,205,,email
6742,4116,page_view,2026-01-25 07:22:11.035627 UTC,205,,email
6743,4116,add_to_cart,2026-01-25 07:36:11.035627 UTC,205,,email
6744,4116,checkout_start,2026-01-25 07:44:11.035627 UTC,205,,email
6745,4116,payment_info,2026-01-25 07:46:11.035627 UTC,205,,email
6746,4116,purchase,2026-01-25 07:48:11.035627 UTC,205,137.29,email
9418,5505,page_view,2026-01-26 20:57:37.982588 UTC,205,,email
9419,5505,add_to_cart,2026-01-26 21:17:37.982588 UTC,205,,email
9420,5505,checkout_start,2026-01-26 21:18:37.982588 UTC,205,,email
9421,5505,payment_info,2026-01-26 21:25:37.982588 UTC,205,,email
9422,5505,purchase,2026-01-26 21:27:37.982588 UTC,205,130.17,email
3162,2176,page_view,2026-01-26 21:33:06.731944 UTC,205,,email
3163,2176,add_to_cart,2026-01-26 21:44:06.731944 UTC,205,,email
3164,2176,checkout_start,2026-01-26 21:52:06.731944 UTC,205,,email
3165,2176,payment_info,2026-01-26 21:58:06.731944 UTC,205,,email
3166,2176,purchase,2026-01-26 22:03:06.731944 UTC,205,158.15,email
7280,4403,page_view,2026-01-27 13:39:20.076100 UTC,205,,email
7281,4403,add_to_cart,2026-01-27 13:57:20.076100 UTC,205,,email
7282,4403,checkout_start,2026-01-27 14:02:20.076100 UTC,205,,email
7283,4403,payment_info,2026-01-27 14:08:20.076100 UTC,205,,email
7284,4403,purchase,2026-01-27 14:11:20.076100 UTC,205,142.56,email
6132,3775,page_view,2026-01-27 22:45:20.832294 UTC,205,,email
4484,2861,page_view,2026-01-28 06:58:10.061245 UTC,205,,email
4485,2861,add_to_cart,2026-01-28 07:02:10.061245 UTC,205,,email
3934,2578,page_view,2026-01-28 14:35:05.155510 UTC,205,,email
3935,2578,add_to_cart,2026-01-28 14:45:05.155510 UTC,205,,email
3936,2578,checkout_start,2026-01-28 14:47:05.155510 UTC,205,,email
3937,2578,payment_info,2026-01-28 14:51:05.155510 UTC,205,,email
3938,2578,purchase,2026-01-28 14:53:05.155510 UTC,205,86.95,email
10190,5899,page_view,2026-01-29 02:19:24.786827 UTC,205,,email
7297,4408,page_view,2026-01-29 02:49:33.399096 UTC,205,,email
7298,4408,add_to_cart,2026-01-29 03:09:33.399096 UTC,205,,email
9994,5794,page_view,2026-01-29 04:30:15.691928 UTC,205,,email
9995,5794,add_to_cart,2026-01-29 04:32:15.691928 UTC,205,,email
9996,5794,checkout_start,2026-01-29 04:40:15.691928 UTC,205,,email
9997,5794,payment_info,2026-01-29 04:46:15.691928 UTC,205,,email
3634,2421,page_view,2026-01-29 10:52:09.165177 UTC,205,,email
3635,2421,add_to_cart,2026-01-29 11:01:09.165177 UTC,205,,email
3636,2421,checkout_start,2026-01-29 11:06:09.165177 UTC,205,,email
3637,2421,payment_info,2026-01-29 11:12:09.165177 UTC,205,,email
3638,2421,purchase,2026-01-29 11:14:09.165177 UTC,205,199.61,email
6407,3930,page_view,2026-01-29 13:07:13.774483 UTC,205,,email
6408,3930,add_to_cart,2026-01-29 13:10:13.774483 UTC,205,,email
6409,3930,checkout_start,2026-01-29 13:20:13.774483 UTC,205,,email
6410,3930,payment_info,2026-01-29 13:23:13.774483 UTC,205,,email
6411,3930,purchase,2026-01-29 13:25:13.774483 UTC,205,98.36,email
2174,1641,page_view,2026-01-29 21:13:13.265831 UTC,205,,email
9433,5512,page_view,2026-01-30 04:07:10.269976 UTC,205,,email
9434,5512,add_to_cart,2026-01-30 04:25:10.269976 UTC,205,,email
3261,2224,page_view,2026-01-30 06:27:49.262455 UTC,205,,email
2926,2044,page_view,2026-01-30 08:03:02.557658 UTC,205,,email
2927,2044,add_to_cart,2026-01-30 08:06:02.557658 UTC,205,,email
8491,5025,page_view,2026-01-31 13:57:56.751895 UTC,205,,email
8492,5025,add_to_cart,2026-01-31 14:14:56.751895 UTC,205,,email
8493,5025,checkout_start,2026-01-31 14:18:56.751895 UTC,205,,email
10220,5917,page_view,2026-01-31 20:34:15.097046 UTC,205,,email
10221,5917,add_to_cart,2026-01-31 20:36:15.097046 UTC,205,,email
10222,5917,checkout_start,2026-01-31 20:39:15.097046 UTC,205,,email
10223,5917,payment_info,2026-01-31 20:46:15.097046 UTC,205,,email
10224,5917,purchase,2026-01-31 20:49:15.097046 UTC,205,153.04,email
4220,2733,page_view,2026-01-31 22:29:20.729623 UTC,205,,email
4221,2733,add_to_cart,2026-01-31 22:44:20.729623 UTC,205,,email
4222,2733,checkout_start,2026-01-31 22:50:20.729623 UTC,205,,email
4223,2733,payment_info,2026-01-31 22:57:20.729623 UTC,205,,email
4224,2733,purchase,2026-01-31 23:02:20.729623 UTC,205,48.65,email
5335,3331,page_view,2026-02-01 05:59:49.533396 UTC,205,,email
5336,3331,add_to_cart,2026-02-01 06:07:49.533396 UTC,205,,email
1128,1077,page_view,2026-02-01 12:41:56.813184 UTC,205,,email
1129,1077,add_to_cart,2026-02-01 12:56:56.813184 UTC,205,,email
10144,5874,page_view,2026-02-01 19:59:45.965534 UTC,205,,email
8526,5044,page_view,2026-02-02 20:04:47.160028 UTC,205,,email
1907,1489,page_view,2026-02-02 22:00:49.319851 UTC,205,,email
1908,1489,add_to_cart,2026-02-02 22:15:49.319851 UTC,205,,email
1909,1489,checkout_start,2026-02-02 22:19:49.319851 UTC,205,,email
1708,1389,page_view,2026-02-02 22:47:33.699501 UTC,205,,email
1709,1389,add_to_cart,2026-02-02 22:55:33.699501 UTC,205,,email
1710,1389,checkout_start,2026-02-02 22:58:33.699501 UTC,205,,email
1711,1389,payment_info,2026-02-02 23:06:33.699501 UTC,205,,email
1712,1389,purchase,2026-02-02 23:07:33.699501 UTC,205,65.9,email
1506,1285,page_view,2026-02-03 00:42:25.870602 UTC,205,,email
1507,1285,add_to_cart,2026-02-03 00:46:25.870602 UTC,205,,email
1508,1285,checkout_start,2026-02-03 00:54:25.870602 UTC,205,,email
1509,1285,payment_info,2026-02-03 01:00:25.870602 UTC,205,,email
1510,1285,purchase,2026-02-03 01:05:25.870602 UTC,205,152.99,email
9026,5299,page_view,2025-12-30 20:00:25.712552 UTC,305,,email
9027,5299,add_to_cart,2025-12-30 20:09:25.712552 UTC,305,,email
9028,5299,checkout_start,2025-12-30 20:11:25.712552 UTC,305,,email
9029,5299,payment_info,2025-12-30 20:17:25.712552 UTC,305,,email
9030,5299,purchase,2025-12-30 20:19:25.712552 UTC,305,128.83,email
3451,2329,page_view,2025-12-31 00:13:13.637159 UTC,305,,email
9485,5538,page_view,2025-12-31 09:44:34.516190 UTC,305,,email
9486,5538,add_to_cart,2025-12-31 09:50:34.516190 UTC,305,,email
8625,5087,page_view,2025-12-31 09:50:43.834086 UTC,305,,email
9487,5538,checkout_start,2025-12-31 09:54:34.516190 UTC,305,,email
9488,5538,payment_info,2025-12-31 09:57:34.516190 UTC,305,,email
9489,5538,purchase,2025-12-31 10:01:34.516190 UTC,305,45.04,email
5968,3681,page_view,2025-12-31 11:51:00.743019 UTC,305,,email
4693,2976,page_view,2026-01-01 08:27:40.823182 UTC,305,,email
4694,2976,add_to_cart,2026-01-01 08:33:40.823182 UTC,305,,email
4695,2976,checkout_start,2026-01-01 08:36:40.823182 UTC,305,,email